Comment,Designator,Footprint,LCSC
"106","C1","Capacitor_SMD:C_0603_1608Metric",""
"1u","C11","Capacitor_SMD:C_0603_1608Metric",""
"100n","C12","Capacitor_SMD:C_0603_1608Metric",""
"104","C2,C3,C5,C6,C14","Capacitor_SMD:C_0603_1608Metric",""
"47u/6.3V","C4","Capacitor_Tantalum_SMD:CP_EIA-3216-10_Kemet-I",""
"10n","C7,C10,C13,C15","Capacitor_SMD:C_0603_1608Metric",""
"12p","C8,C9","Capacitor_SMD:C_0603_1608Metric",""
"LED","D1","LED_SMD:LED_0603_1608Metric",""
"1A","F1","Fuse:Fuse_1206_3216Metric",""
"MountingHole","H1,H2,H3,H4","MountingHole:MountingHole_3.2mm_M3",""
"USB_C_Receptacle_USB2.0","J1","Connector_USB:USB_C_Receptacle_Palconn_UTC16-G",""
"Conn_02x22_Odd_Even","J2,J4","Connector_PinSocket_2.54mm:PinSocket_2x22_P2.54mm_Vertical",""
"Conn_02x22_Odd_Even","J3","Connector_PinHeader_2.54mm:PinHeader_2x22_P2.54mm_Horizontal",""
"1k","R1","Resistor_SMD:R_0603_1608Metric",""
"1M","R2","Resistor_SMD:R_0603_1608Metric",""
"10k","R3,R6,R9","Resistor_SMD:R_0603_1608Metric",""
"100k","R4","Resistor_SMD:R_0603_1608Metric",""
"10","R5","Resistor_SMD:R_0603_1608Metric",""
"2.2k","R7,R8","Resistor_SMD:R_0603_1608Metric",""
"SW_Push","SW1,SW2","Button_Switch_SMD:SW_SPST_B3U-1000P",""
"AMS1117-3.3","U1","Package_TO_SOT_SMD:SOT-223-3_TabPin2",""
"74LVC1G3157","U2,U5","Package_TO_SOT_SMD:SOT-363_SC-70-6",""
"USBLC6-2SC6","U3","Package_TO_SOT_SMD:SOT-23-6",""
"CY7C68013A-56PVX","U4","Package_SO:SSOP-56_7.5x18.5mm_P0.635mm",""
"24LC128","U6","Package_SO:SOIC-8_3.9x4.9mm_P1.27mm",""
"49.152MHz","X1","Crystal:Crystal_SMD_3225-4Pin_3.2x2.5mm",""
"45.1584MHz","X2","Crystal:Crystal_SMD_3225-4Pin_3.2x2.5mm",""
"24M","Y1","Crystal:Crystal_HC49-4H_Vertical",""