<?xml version="1.0" encoding="UTF-8"?>
<export version="E">
  <design>
    <source>D:\Documents\PCB\KiCAD\6.0\FX2LP_EPM1270_bottom_board\fx2lp_epm1270_bottom_board\fx2lp_epm1270_bottom_board.kicad_sch</source>
    <date>12/15/2024 17:00:04</date>
    <tool>Eeschema (6.0.4)</tool>
    <sheet number="1" name="/" tstamps="/">
      <title_block>
        <title/>
        <company/>
        <rev/>
        <date/>
        <source>fx2lp_epm1270_bottom_board.kicad_sch</source>
        <comment number="1" value=""/>
        <comment number="2" value=""/>
        <comment number="3" value=""/>
        <comment number="4" value=""/>
        <comment number="5" value=""/>
        <comment number="6" value=""/>
        <comment number="7" value=""/>
        <comment number="8" value=""/>
        <comment number="9" value=""/>
      </title_block>
    </sheet>
  </design>
  <components>
    <comp ref="C1">
      <value>106</value>
      <footprint>Capacitor_SMD:C_0603_1608Metric</footprint>
      <libsource lib="Device" part="C" description="Unpolarized capacitor"/>
      <property name="Sheetname" value=""/>
      <property name="Sheetfile" value="fx2lp_epm1270_bottom_board.kicad_sch"/>
      <sheetpath names="/" tstamps="/"/>
      <tstamps>e853e260-b7bb-48cc-848b-e9bd41760fdc</tstamps>
    </comp>
    <comp ref="C2">
      <value>104</value>
      <footprint>Capacitor_SMD:C_0603_1608Metric</footprint>
      <libsource lib="Device" part="C" description="Unpolarized capacitor"/>
      <property name="Sheetname" value=""/>
      <property name="Sheetfile" value="fx2lp_epm1270_bottom_board.kicad_sch"/>
      <sheetpath names="/" tstamps="/"/>
      <tstamps>1faff8bf-fa6c-4ed7-a247-10f069b58b80</tstamps>
    </comp>
    <comp ref="C3">
      <value>104</value>
      <footprint>Capacitor_SMD:C_0603_1608Metric</footprint>
      <libsource lib="Device" part="C" description="Unpolarized capacitor"/>
      <property name="Sheetname" value=""/>
      <property name="Sheetfile" value="fx2lp_epm1270_bottom_board.kicad_sch"/>
      <sheetpath names="/" tstamps="/"/>
      <tstamps>9855ad51-4faf-40f2-aa0f-0c574d6e4526</tstamps>
    </comp>
    <comp ref="C4">
      <value>47u/6.3V</value>
      <footprint>Capacitor_Tantalum_SMD:CP_EIA-3216-10_Kemet-I</footprint>
      <libsource lib="Device" part="C_Polarized" description="Polarized capacitor"/>
      <property name="Sheetname" value=""/>
      <property name="Sheetfile" value="fx2lp_epm1270_bottom_board.kicad_sch"/>
      <sheetpath names="/" tstamps="/"/>
      <tstamps>e3731e84-f7dd-433f-a3c8-f2b9ec75a309</tstamps>
    </comp>
    <comp ref="C5">
      <value>104</value>
      <footprint>Capacitor_SMD:C_0603_1608Metric</footprint>
      <libsource lib="Device" part="C" description="Unpolarized capacitor"/>
      <property name="Sheetname" value=""/>
      <property name="Sheetfile" value="fx2lp_epm1270_bottom_board.kicad_sch"/>
      <sheetpath names="/" tstamps="/"/>
      <tstamps>e1e5eabb-8343-44e4-a16c-abd09803552f</tstamps>
    </comp>
    <comp ref="C6">
      <value>104</value>
      <footprint>Capacitor_SMD:C_0603_1608Metric</footprint>
      <libsource lib="Device" part="C" description="Unpolarized capacitor"/>
      <property name="Sheetname" value=""/>
      <property name="Sheetfile" value="fx2lp_epm1270_bottom_board.kicad_sch"/>
      <sheetpath names="/" tstamps="/"/>
      <tstamps>8aff0657-dc20-4161-a3cb-9ef5eee1ebcc</tstamps>
    </comp>
    <comp ref="C7">
      <value>10n</value>
      <footprint>Capacitor_SMD:C_0603_1608Metric</footprint>
      <libsource lib="Device" part="C" description="Unpolarized capacitor"/>
      <property name="Sheetname" value=""/>
      <property name="Sheetfile" value="fx2lp_epm1270_bottom_board.kicad_sch"/>
      <sheetpath names="/" tstamps="/"/>
      <tstamps>8d287b5c-d2ab-4d3b-9d3b-4e2b03995aed</tstamps>
    </comp>
    <comp ref="C8">
      <value>12p</value>
      <footprint>Capacitor_SMD:C_0603_1608Metric</footprint>
      <libsource lib="Device" part="C" description="Unpolarized capacitor"/>
      <property name="Sheetname" value=""/>
      <property name="Sheetfile" value="fx2lp_epm1270_bottom_board.kicad_sch"/>
      <sheetpath names="/" tstamps="/"/>
      <tstamps>3c49fea6-7b64-43b6-b6c7-9db18909fb96</tstamps>
    </comp>
    <comp ref="C9">
      <value>12p</value>
      <footprint>Capacitor_SMD:C_0603_1608Metric</footprint>
      <libsource lib="Device" part="C" description="Unpolarized capacitor"/>
      <property name="Sheetname" value=""/>
      <property name="Sheetfile" value="fx2lp_epm1270_bottom_board.kicad_sch"/>
      <sheetpath names="/" tstamps="/"/>
      <tstamps>20046ed3-28fa-4b35-907a-3ea6bf7ec6f9</tstamps>
    </comp>
    <comp ref="C10">
      <value>10n</value>
      <footprint>Capacitor_SMD:C_0603_1608Metric</footprint>
      <libsource lib="Device" part="C" description="Unpolarized capacitor"/>
      <property name="Sheetname" value=""/>
      <property name="Sheetfile" value="fx2lp_epm1270_bottom_board.kicad_sch"/>
      <sheetpath names="/" tstamps="/"/>
      <tstamps>cd5a4746-9b16-4561-a11d-be919c2c1758</tstamps>
    </comp>
    <comp ref="C11">
      <value>1u</value>
      <footprint>Capacitor_SMD:C_0603_1608Metric</footprint>
      <libsource lib="Device" part="C" description="Unpolarized capacitor"/>
      <property name="Sheetname" value=""/>
      <property name="Sheetfile" value="fx2lp_epm1270_bottom_board.kicad_sch"/>
      <sheetpath names="/" tstamps="/"/>
      <tstamps>d4179407-3ea0-42bb-8967-6d19a2cca1d0</tstamps>
    </comp>
    <comp ref="C12">
      <value>100n</value>
      <footprint>Capacitor_SMD:C_0603_1608Metric</footprint>
      <libsource lib="Device" part="C" description="Unpolarized capacitor"/>
      <property name="Sheetname" value=""/>
      <property name="Sheetfile" value="fx2lp_epm1270_bottom_board.kicad_sch"/>
      <sheetpath names="/" tstamps="/"/>
      <tstamps>075e9a4f-030a-4e5c-b53f-e3855774304b</tstamps>
    </comp>
    <comp ref="C13">
      <value>10n</value>
      <footprint>Capacitor_SMD:C_0603_1608Metric</footprint>
      <libsource lib="Device" part="C" description="Unpolarized capacitor"/>
      <property name="Sheetname" value=""/>
      <property name="Sheetfile" value="fx2lp_epm1270_bottom_board.kicad_sch"/>
      <sheetpath names="/" tstamps="/"/>
      <tstamps>38211d02-500b-4fb2-a05b-2823e2ecb21e</tstamps>
    </comp>
    <comp ref="C14">
      <value>104</value>
      <footprint>Capacitor_SMD:C_0603_1608Metric</footprint>
      <libsource lib="Device" part="C" description="Unpolarized capacitor"/>
      <property name="Sheetname" value=""/>
      <property name="Sheetfile" value="fx2lp_epm1270_bottom_board.kicad_sch"/>
      <sheetpath names="/" tstamps="/"/>
      <tstamps>053f6512-013b-4e62-ae03-11895f40581a</tstamps>
    </comp>
    <comp ref="C15">
      <value>10n</value>
      <footprint>Capacitor_SMD:C_0603_1608Metric</footprint>
      <libsource lib="Device" part="C" description="Unpolarized capacitor"/>
      <property name="Sheetname" value=""/>
      <property name="Sheetfile" value="fx2lp_epm1270_bottom_board.kicad_sch"/>
      <sheetpath names="/" tstamps="/"/>
      <tstamps>55e77129-66c7-416f-adf7-28376521480e</tstamps>
    </comp>
    <comp ref="D1">
      <value>LED</value>
      <footprint>LED_SMD:LED_0603_1608Metric</footprint>
      <libsource lib="Device" part="LED" description="Light emitting diode"/>
      <property name="Sheetname" value=""/>
      <property name="Sheetfile" value="fx2lp_epm1270_bottom_board.kicad_sch"/>
      <sheetpath names="/" tstamps="/"/>
      <tstamps>564a470c-1384-4206-aece-a2606f7ad827</tstamps>
    </comp>
    <comp ref="F1">
      <value>1A</value>
      <footprint>Fuse:Fuse_1206_3216Metric</footprint>
      <libsource lib="Device" part="Fuse" description="Fuse"/>
      <property name="Sheetname" value=""/>
      <property name="Sheetfile" value="fx2lp_epm1270_bottom_board.kicad_sch"/>
      <sheetpath names="/" tstamps="/"/>
      <tstamps>ac6366ca-980a-4efa-bb1d-1f97b61f4381</tstamps>
    </comp>
    <comp ref="H1">
      <value>MountingHole</value>
      <footprint>MountingHole:MountingHole_3.2mm_M3</footprint>
      <libsource lib="Mechanical" part="MountingHole" description="Mounting Hole without connection"/>
      <property name="Sheetname" value=""/>
      <property name="Sheetfile" value="fx2lp_epm1270_bottom_board.kicad_sch"/>
      <sheetpath names="/" tstamps="/"/>
      <tstamps>0726a259-b5c3-4c82-b584-cf48d07bcbc2</tstamps>
    </comp>
    <comp ref="H2">
      <value>MountingHole</value>
      <footprint>MountingHole:MountingHole_3.2mm_M3</footprint>
      <libsource lib="Mechanical" part="MountingHole" description="Mounting Hole without connection"/>
      <property name="Sheetname" value=""/>
      <property name="Sheetfile" value="fx2lp_epm1270_bottom_board.kicad_sch"/>
      <sheetpath names="/" tstamps="/"/>
      <tstamps>16f8fcc5-1d99-4e74-a662-2793692acc30</tstamps>
    </comp>
    <comp ref="H3">
      <value>MountingHole</value>
      <footprint>MountingHole:MountingHole_3.2mm_M3</footprint>
      <libsource lib="Mechanical" part="MountingHole" description="Mounting Hole without connection"/>
      <property name="Sheetname" value=""/>
      <property name="Sheetfile" value="fx2lp_epm1270_bottom_board.kicad_sch"/>
      <sheetpath names="/" tstamps="/"/>
      <tstamps>10273f6b-7686-46b3-a140-72b90d28e6fc</tstamps>
    </comp>
    <comp ref="H4">
      <value>MountingHole</value>
      <footprint>MountingHole:MountingHole_3.2mm_M3</footprint>
      <libsource lib="Mechanical" part="MountingHole" description="Mounting Hole without connection"/>
      <property name="Sheetname" value=""/>
      <property name="Sheetfile" value="fx2lp_epm1270_bottom_board.kicad_sch"/>
      <sheetpath names="/" tstamps="/"/>
      <tstamps>c589a0a9-c44c-4ca0-ba6b-6db6cb5e0a00</tstamps>
    </comp>
    <comp ref="J1">
      <value>USB_C_Receptacle_USB2.0</value>
      <footprint>Connector_USB:USB_C_Receptacle_Palconn_UTC16-G</footprint>
      <datasheet>https://www.usb.org/sites/default/files/documents/usb_type-c.zip</datasheet>
      <libsource lib="Connector" part="USB_C_Receptacle_USB2.0" description="USB 2.0-only Type-C Receptacle connector"/>
      <property name="Sheetname" value=""/>
      <property name="Sheetfile" value="fx2lp_epm1270_bottom_board.kicad_sch"/>
      <sheetpath names="/" tstamps="/"/>
      <tstamps>c7f50570-fd76-4023-be31-2d1f82376111</tstamps>
    </comp>
    <comp ref="J2">
      <value>Conn_02x22_Odd_Even</value>
      <footprint>Connector_PinSocket_2.54mm:PinSocket_2x22_P2.54mm_Vertical</footprint>
      <libsource lib="Connector_Generic" part="Conn_02x22_Odd_Even" description="Generic connector, double row, 02x22, odd/even pin numbering scheme (row 1 odd numbers, row 2 even numbers), script generated (kicad-library-utils/schlib/autogen/connector/)"/>
      <property name="Sheetname" value=""/>
      <property name="Sheetfile" value="fx2lp_epm1270_bottom_board.kicad_sch"/>
      <sheetpath names="/" tstamps="/"/>
      <tstamps>ac9dde99-cacf-408f-b9d3-25d7d193b1b4</tstamps>
    </comp>
    <comp ref="J3">
      <value>Conn_02x22_Odd_Even</value>
      <footprint>Connector_PinHeader_2.54mm:PinHeader_2x22_P2.54mm_Horizontal</footprint>
      <libsource lib="Connector_Generic" part="Conn_02x22_Odd_Even" description="Generic connector, double row, 02x22, odd/even pin numbering scheme (row 1 odd numbers, row 2 even numbers), script generated (kicad-library-utils/schlib/autogen/connector/)"/>
      <property name="Sheetname" value=""/>
      <property name="Sheetfile" value="fx2lp_epm1270_bottom_board.kicad_sch"/>
      <sheetpath names="/" tstamps="/"/>
      <tstamps>d8f80fa9-9c32-4b15-a2fc-8610b43c74fa</tstamps>
    </comp>
    <comp ref="J4">
      <value>Conn_02x22_Odd_Even</value>
      <footprint>Connector_PinSocket_2.54mm:PinSocket_2x22_P2.54mm_Vertical</footprint>
      <libsource lib="Connector_Generic" part="Conn_02x22_Odd_Even" description="Generic connector, double row, 02x22, odd/even pin numbering scheme (row 1 odd numbers, row 2 even numbers), script generated (kicad-library-utils/schlib/autogen/connector/)"/>
      <property name="Sheetname" value=""/>
      <property name="Sheetfile" value="fx2lp_epm1270_bottom_board.kicad_sch"/>
      <sheetpath names="/" tstamps="/"/>
      <tstamps>f12c8c08-c40d-4100-80a2-92fe10a8a57d</tstamps>
    </comp>
    <comp ref="R1">
      <value>1k</value>
      <footprint>Resistor_SMD:R_0603_1608Metric</footprint>
      <libsource lib="Device" part="R" description="Resistor"/>
      <property name="Sheetname" value=""/>
      <property name="Sheetfile" value="fx2lp_epm1270_bottom_board.kicad_sch"/>
      <sheetpath names="/" tstamps="/"/>
      <tstamps>568894f5-2beb-43cc-b4de-5b5930af80e3</tstamps>
    </comp>
    <comp ref="R2">
      <value>1M</value>
      <footprint>Resistor_SMD:R_0603_1608Metric</footprint>
      <libsource lib="Device" part="R" description="Resistor"/>
      <property name="Sheetname" value=""/>
      <property name="Sheetfile" value="fx2lp_epm1270_bottom_board.kicad_sch"/>
      <sheetpath names="/" tstamps="/"/>
      <tstamps>bedc6b1e-27fa-4888-abf1-94bb26640dae</tstamps>
    </comp>
    <comp ref="R3">
      <value>10k</value>
      <footprint>Resistor_SMD:R_0603_1608Metric</footprint>
      <libsource lib="Device" part="R" description="Resistor"/>
      <property name="Sheetname" value=""/>
      <property name="Sheetfile" value="fx2lp_epm1270_bottom_board.kicad_sch"/>
      <sheetpath names="/" tstamps="/"/>
      <tstamps>e7e0ef33-266a-46f5-af2b-c84b61ba89cd</tstamps>
    </comp>
    <comp ref="R4">
      <value>100k</value>
      <footprint>Resistor_SMD:R_0603_1608Metric</footprint>
      <libsource lib="Device" part="R" description="Resistor"/>
      <property name="Sheetname" value=""/>
      <property name="Sheetfile" value="fx2lp_epm1270_bottom_board.kicad_sch"/>
      <sheetpath names="/" tstamps="/"/>
      <tstamps>6d0861e5-6ba4-4c29-8858-b01235e01b61</tstamps>
    </comp>
    <comp ref="R5">
      <value>10</value>
      <footprint>Resistor_SMD:R_0603_1608Metric</footprint>
      <libsource lib="Device" part="R" description="Resistor"/>
      <property name="Sheetname" value=""/>
      <property name="Sheetfile" value="fx2lp_epm1270_bottom_board.kicad_sch"/>
      <sheetpath names="/" tstamps="/"/>
      <tstamps>a40ace61-7fca-4712-bc98-4978c8df2813</tstamps>
    </comp>
    <comp ref="R6">
      <value>10k</value>
      <footprint>Resistor_SMD:R_0603_1608Metric</footprint>
      <libsource lib="Device" part="R" description="Resistor"/>
      <property name="Sheetname" value=""/>
      <property name="Sheetfile" value="fx2lp_epm1270_bottom_board.kicad_sch"/>
      <sheetpath names="/" tstamps="/"/>
      <tstamps>501971a6-fc10-472c-bbe2-507eaea35b24</tstamps>
    </comp>
    <comp ref="R7">
      <value>2.2k</value>
      <footprint>Resistor_SMD:R_0603_1608Metric</footprint>
      <libsource lib="Device" part="R" description="Resistor"/>
      <property name="Sheetname" value=""/>
      <property name="Sheetfile" value="fx2lp_epm1270_bottom_board.kicad_sch"/>
      <sheetpath names="/" tstamps="/"/>
      <tstamps>d8e4a2b9-fb58-431d-9bbb-a6deea2e99f3</tstamps>
    </comp>
    <comp ref="R8">
      <value>2.2k</value>
      <footprint>Resistor_SMD:R_0603_1608Metric</footprint>
      <libsource lib="Device" part="R" description="Resistor"/>
      <property name="Sheetname" value=""/>
      <property name="Sheetfile" value="fx2lp_epm1270_bottom_board.kicad_sch"/>
      <sheetpath names="/" tstamps="/"/>
      <tstamps>e5f863f3-7fbe-4c21-85ae-e060f77d4e78</tstamps>
    </comp>
    <comp ref="R9">
      <value>10k</value>
      <footprint>Resistor_SMD:R_0603_1608Metric</footprint>
      <libsource lib="Device" part="R" description="Resistor"/>
      <property name="Sheetname" value=""/>
      <property name="Sheetfile" value="fx2lp_epm1270_bottom_board.kicad_sch"/>
      <sheetpath names="/" tstamps="/"/>
      <tstamps>02f2325f-59c8-4b63-8134-7b828cad43ff</tstamps>
    </comp>
    <comp ref="SW1">
      <value>SW_Push</value>
      <footprint>Button_Switch_SMD:SW_SPST_B3U-1000P</footprint>
      <libsource lib="Switch" part="SW_Push" description="Push button switch, generic, two pins"/>
      <property name="Sheetname" value=""/>
      <property name="Sheetfile" value="fx2lp_epm1270_bottom_board.kicad_sch"/>
      <sheetpath names="/" tstamps="/"/>
      <tstamps>5911dddb-183f-4a8f-9e74-09c2d0a2aa37</tstamps>
    </comp>
    <comp ref="SW2">
      <value>SW_Push</value>
      <footprint>Button_Switch_SMD:SW_SPST_B3U-1000P</footprint>
      <libsource lib="Switch" part="SW_Push" description="Push button switch, generic, two pins"/>
      <property name="Sheetname" value=""/>
      <property name="Sheetfile" value="fx2lp_epm1270_bottom_board.kicad_sch"/>
      <sheetpath names="/" tstamps="/"/>
      <tstamps>4de5578f-2f9e-448e-af9a-8c33a7fe48f1</tstamps>
    </comp>
    <comp ref="U1">
      <value>AMS1117-3.3</value>
      <footprint>Package_TO_SOT_SMD:SOT-223-3_TabPin2</footprint>
      <datasheet>http://www.advanced-monolithic.com/pdf/ds1117.pdf</datasheet>
      <libsource lib="Regulator_Linear" part="AMS1117-3.3" description="1A Low Dropout regulator, positive, 3.3V fixed output, SOT-223"/>
      <property name="Sheetname" value=""/>
      <property name="Sheetfile" value="fx2lp_epm1270_bottom_board.kicad_sch"/>
      <sheetpath names="/" tstamps="/"/>
      <tstamps>800ee9c9-0892-43b4-aa07-48cd06dbf8a7</tstamps>
    </comp>
    <comp ref="U2">
      <value>74LVC1G3157</value>
      <footprint>Package_TO_SOT_SMD:SOT-363_SC-70-6</footprint>
      <datasheet>http://www.ti.com/lit/sg/scyt129e/scyt129e.pdf</datasheet>
      <libsource lib="74xGxx" part="74LVC1G3157" description="SPDT Analog Swich, Low-Voltage CMOS"/>
      <property name="Sheetname" value=""/>
      <property name="Sheetfile" value="fx2lp_epm1270_bottom_board.kicad_sch"/>
      <sheetpath names="/" tstamps="/"/>
      <tstamps>eeb1f1ad-57ee-4bc3-ae93-c8781b2639a9</tstamps>
    </comp>
    <comp ref="U3">
      <value>USBLC6-2SC6</value>
      <footprint>Package_TO_SOT_SMD:SOT-23-6</footprint>
      <datasheet>https://www.st.com/resource/en/datasheet/usblc6-2.pdf</datasheet>
      <libsource lib="Power_Protection" part="USBLC6-2SC6" description="Very low capacitance ESD protection diode, 2 data-line, SOT-23-6"/>
      <property name="Sheetname" value=""/>
      <property name="Sheetfile" value="fx2lp_epm1270_bottom_board.kicad_sch"/>
      <sheetpath names="/" tstamps="/"/>
      <tstamps>5db1600a-78cb-490e-b4f0-caffcfa0f1c9</tstamps>
    </comp>
    <comp ref="U4">
      <value>CY7C68013A-56PVX</value>
      <footprint>Package_SO:SSOP-56_7.5x18.5mm_P0.635mm</footprint>
      <datasheet>http://www.cypress.com/file/138911/download</datasheet>
      <libsource lib="MCU_Cypress" part="CY7C68013A-56PVX" description="CYPRESS FX2LP USB Microcontroller, 48MHz 8051, 16KB RAM, USB 2.0, I2C, SSOP-56"/>
      <property name="Sheetname" value=""/>
      <property name="Sheetfile" value="fx2lp_epm1270_bottom_board.kicad_sch"/>
      <sheetpath names="/" tstamps="/"/>
      <tstamps>173fd4a7-b485-4e9d-8724-470865466784</tstamps>
    </comp>
    <comp ref="U5">
      <value>74LVC1G3157</value>
      <footprint>Package_TO_SOT_SMD:SOT-363_SC-70-6</footprint>
      <datasheet>http://www.ti.com/lit/sg/scyt129e/scyt129e.pdf</datasheet>
      <libsource lib="74xGxx" part="74LVC1G3157" description="SPDT Analog Swich, Low-Voltage CMOS"/>
      <property name="Sheetname" value=""/>
      <property name="Sheetfile" value="fx2lp_epm1270_bottom_board.kicad_sch"/>
      <sheetpath names="/" tstamps="/"/>
      <tstamps>b60ba5e6-502f-4790-83a0-61c0a772bba5</tstamps>
    </comp>
    <comp ref="U6">
      <value>24LC128</value>
      <footprint>Package_SO:SOIC-8_3.9x4.9mm_P1.27mm</footprint>
      <datasheet>http://ww1.microchip.com/downloads/en/devicedoc/21203m.pdf</datasheet>
      <libsource lib="Memory_EEPROM" part="24LC256" description="I2C Serial EEPROM, 256Kb, DIP-8/SOIC-8/TSSOP-8/DFN-8"/>
      <property name="Sheetname" value=""/>
      <property name="Sheetfile" value="fx2lp_epm1270_bottom_board.kicad_sch"/>
      <sheetpath names="/" tstamps="/"/>
      <tstamps>5980b6d8-db6b-4add-b913-17df92247234</tstamps>
    </comp>
    <comp ref="X1">
      <value>49.152MHz</value>
      <footprint>Crystal:Crystal_SMD_3225-4Pin_3.2x2.5mm</footprint>
      <datasheet>http://cdn-reichelt.de/documents/datenblatt/B400/XO32.pdf</datasheet>
      <libsource lib="Oscillator" part="XO32" description="HCMOS Clock Oscillator"/>
      <property name="Sheetname" value=""/>
      <property name="Sheetfile" value="fx2lp_epm1270_bottom_board.kicad_sch"/>
      <sheetpath names="/" tstamps="/"/>
      <tstamps>027ec97a-f3b5-4a91-bb6f-fea662d91a0a</tstamps>
    </comp>
    <comp ref="X2">
      <value>45.1584MHz</value>
      <footprint>Crystal:Crystal_SMD_3225-4Pin_3.2x2.5mm</footprint>
      <datasheet>http://cdn-reichelt.de/documents/datenblatt/B400/XO32.pdf</datasheet>
      <libsource lib="Oscillator" part="XO32" description="HCMOS Clock Oscillator"/>
      <property name="Sheetname" value=""/>
      <property name="Sheetfile" value="fx2lp_epm1270_bottom_board.kicad_sch"/>
      <sheetpath names="/" tstamps="/"/>
      <tstamps>a866d6c2-52b1-49c9-9c35-c8c3d1990690</tstamps>
    </comp>
    <comp ref="Y1">
      <value>24M</value>
      <footprint>Crystal:Crystal_HC49-4H_Vertical</footprint>
      <libsource lib="Device" part="Crystal" description="Two pin crystal"/>
      <property name="Sheetname" value=""/>
      <property name="Sheetfile" value="fx2lp_epm1270_bottom_board.kicad_sch"/>
      <sheetpath names="/" tstamps="/"/>
      <tstamps>1ec27088-4530-4651-836b-ab61617e6354</tstamps>
    </comp>
  </components>
  <libparts>
    <libpart lib="74xGxx" part="74LVC1G3157">
      <description>SPDT Analog Swich, Low-Voltage CMOS</description>
      <docs>http://www.ti.com/lit/sg/scyt129e/scyt129e.pdf</docs>
      <footprints>
        <fp>SOT*</fp>
        <fp>SC*</fp>
      </footprints>
      <fields>
        <field name="Reference">U</field>
        <field name="Value">74LVC1G3157</field>
        <field name="Datasheet">http://www.ti.com/lit/sg/scyt129e/scyt129e.pdf</field>
      </fields>
      <pins>
        <pin num="1" name="" type="bidirectional"/>
        <pin num="2" name="GND" type="power_in"/>
        <pin num="3" name="" type="bidirectional"/>
        <pin num="4" name="" type="bidirectional"/>
        <pin num="5" name="VCC" type="power_in"/>
        <pin num="6" name="" type="input"/>
        <pin num="7" name="" type="bidirectional"/>
      </pins>
    </libpart>
    <libpart lib="Connector" part="USB_C_Receptacle_USB2.0">
      <description>USB 2.0-only Type-C Receptacle connector</description>
      <docs>https://www.usb.org/sites/default/files/documents/usb_type-c.zip</docs>
      <footprints>
        <fp>USB*C*Receptacle*</fp>
      </footprints>
      <fields>
        <field name="Reference">J</field>
        <field name="Value">USB_C_Receptacle_USB2.0</field>
        <field name="Datasheet">https://www.usb.org/sites/default/files/documents/usb_type-c.zip</field>
      </fields>
      <pins>
        <pin num="A1" name="GND" type="passive"/>
        <pin num="A4" name="VBUS" type="passive"/>
        <pin num="A5" name="CC1" type="bidirectional"/>
        <pin num="A6" name="D+" type="bidirectional"/>
        <pin num="A7" name="D-" type="bidirectional"/>
        <pin num="A8" name="SBU1" type="bidirectional"/>
        <pin num="A9" name="VBUS" type="passive"/>
        <pin num="A12" name="GND" type="passive"/>
        <pin num="B1" name="GND" type="passive"/>
        <pin num="B4" name="VBUS" type="passive"/>
        <pin num="B5" name="CC2" type="bidirectional"/>
        <pin num="B6" name="D+" type="bidirectional"/>
        <pin num="B7" name="D-" type="bidirectional"/>
        <pin num="B8" name="SBU2" type="bidirectional"/>
        <pin num="B9" name="VBUS" type="passive"/>
        <pin num="B12" name="GND" type="passive"/>
        <pin num="S1" name="SHIELD" type="passive"/>
      </pins>
    </libpart>
    <libpart lib="Connector_Generic" part="Conn_02x22_Odd_Even">
      <description>Generic connector, double row, 02x22, odd/even pin numbering scheme (row 1 odd numbers, row 2 even numbers), script generated (kicad-library-utils/schlib/autogen/connector/)</description>
      <docs>~</docs>
      <footprints>
        <fp>Connector*:*_2x??_*</fp>
      </footprints>
      <fields>
        <field name="Reference">J</field>
        <field name="Value">Conn_02x22_Odd_Even</field>
        <field name="Datasheet">~</field>
      </fields>
      <pins>
        <pin num="1" name="Pin_1" type="passive"/>
        <pin num="2" name="Pin_2" type="passive"/>
        <pin num="3" name="Pin_3" type="passive"/>
        <pin num="4" name="Pin_4" type="passive"/>
        <pin num="5" name="Pin_5" type="passive"/>
        <pin num="6" name="Pin_6" type="passive"/>
        <pin num="7" name="Pin_7" type="passive"/>
        <pin num="8" name="Pin_8" type="passive"/>
        <pin num="9" name="Pin_9" type="passive"/>
        <pin num="10" name="Pin_10" type="passive"/>
        <pin num="11" name="Pin_11" type="passive"/>
        <pin num="12" name="Pin_12" type="passive"/>
        <pin num="13" name="Pin_13" type="passive"/>
        <pin num="14" name="Pin_14" type="passive"/>
        <pin num="15" name="Pin_15" type="passive"/>
        <pin num="16" name="Pin_16" type="passive"/>
        <pin num="17" name="Pin_17" type="passive"/>
        <pin num="18" name="Pin_18" type="passive"/>
        <pin num="19" name="Pin_19" type="passive"/>
        <pin num="20" name="Pin_20" type="passive"/>
        <pin num="21" name="Pin_21" type="passive"/>
        <pin num="22" name="Pin_22" type="passive"/>
        <pin num="23" name="Pin_23" type="passive"/>
        <pin num="24" name="Pin_24" type="passive"/>
        <pin num="25" name="Pin_25" type="passive"/>
        <pin num="26" name="Pin_26" type="passive"/>
        <pin num="27" name="Pin_27" type="passive"/>
        <pin num="28" name="Pin_28" type="passive"/>
        <pin num="29" name="Pin_29" type="passive"/>
        <pin num="30" name="Pin_30" type="passive"/>
        <pin num="31" name="Pin_31" type="passive"/>
        <pin num="32" name="Pin_32" type="passive"/>
        <pin num="33" name="Pin_33" type="passive"/>
        <pin num="34" name="Pin_34" type="passive"/>
        <pin num="35" name="Pin_35" type="passive"/>
        <pin num="36" name="Pin_36" type="passive"/>
        <pin num="37" name="Pin_37" type="passive"/>
        <pin num="38" name="Pin_38" type="passive"/>
        <pin num="39" name="Pin_39" type="passive"/>
        <pin num="40" name="Pin_40" type="passive"/>
        <pin num="41" name="Pin_41" type="passive"/>
        <pin num="42" name="Pin_42" type="passive"/>
        <pin num="43" name="Pin_43" type="passive"/>
        <pin num="44" name="Pin_44" type="passive"/>
      </pins>
    </libpart>
    <libpart lib="Device" part="C">
      <description>Unpolarized capacitor</description>
      <docs>~</docs>
      <footprints>
        <fp>C_*</fp>
      </footprints>
      <fields>
        <field name="Reference">C</field>
        <field name="Value">C</field>
        <field name="Datasheet">~</field>
      </fields>
      <pins>
        <pin num="1" name="" type="passive"/>
        <pin num="2" name="" type="passive"/>
      </pins>
    </libpart>
    <libpart lib="Device" part="C_Polarized">
      <description>Polarized capacitor</description>
      <docs>~</docs>
      <footprints>
        <fp>CP_*</fp>
      </footprints>
      <fields>
        <field name="Reference">C</field>
        <field name="Value">C_Polarized</field>
        <field name="Datasheet">~</field>
      </fields>
      <pins>
        <pin num="1" name="" type="passive"/>
        <pin num="2" name="" type="passive"/>
      </pins>
    </libpart>
    <libpart lib="Device" part="Crystal">
      <description>Two pin crystal</description>
      <docs>~</docs>
      <footprints>
        <fp>Crystal*</fp>
      </footprints>
      <fields>
        <field name="Reference">Y</field>
        <field name="Value">Crystal</field>
        <field name="Datasheet">~</field>
      </fields>
      <pins>
        <pin num="1" name="1" type="passive"/>
        <pin num="2" name="2" type="passive"/>
      </pins>
    </libpart>
    <libpart lib="Device" part="Fuse">
      <description>Fuse</description>
      <docs>~</docs>
      <footprints>
        <fp>*Fuse*</fp>
      </footprints>
      <fields>
        <field name="Reference">F</field>
        <field name="Value">Fuse</field>
        <field name="Datasheet">~</field>
      </fields>
      <pins>
        <pin num="1" name="" type="passive"/>
        <pin num="2" name="" type="passive"/>
      </pins>
    </libpart>
    <libpart lib="Device" part="LED">
      <description>Light emitting diode</description>
      <docs>~</docs>
      <footprints>
        <fp>LED*</fp>
        <fp>LED_SMD:*</fp>
        <fp>LED_THT:*</fp>
      </footprints>
      <fields>
        <field name="Reference">D</field>
        <field name="Value">LED</field>
        <field name="Datasheet">~</field>
      </fields>
      <pins>
        <pin num="1" name="K" type="passive"/>
        <pin num="2" name="A" type="passive"/>
      </pins>
    </libpart>
    <libpart lib="Device" part="R">
      <description>Resistor</description>
      <docs>~</docs>
      <footprints>
        <fp>R_*</fp>
      </footprints>
      <fields>
        <field name="Reference">R</field>
        <field name="Value">R</field>
        <field name="Datasheet">~</field>
      </fields>
      <pins>
        <pin num="1" name="" type="passive"/>
        <pin num="2" name="" type="passive"/>
      </pins>
    </libpart>
    <libpart lib="MCU_Cypress" part="CY7C68013A-56PVX">
      <description>CYPRESS FX2LP USB Microcontroller, 48MHz 8051, 16KB RAM, USB 2.0, I2C, SSOP-56</description>
      <docs>http://www.cypress.com/file/138911/download</docs>
      <footprints>
        <fp>SSOP*7.5x18.5mm*P0.635mm*</fp>
      </footprints>
      <fields>
        <field name="Reference">U</field>
        <field name="Value">CY7C68013A-56PVX</field>
        <field name="Footprint">Package_SO:SSOP-56_7.5x18.5mm_P0.635mm</field>
        <field name="Datasheet">http://www.cypress.com/file/138911/download</field>
      </fields>
      <pins>
        <pin num="1" name="PD5/FD13" type="bidirectional"/>
        <pin num="2" name="PD6/FD14" type="bidirectional"/>
        <pin num="3" name="PD7/FD15" type="bidirectional"/>
        <pin num="4" name="GND" type="passive"/>
        <pin num="5" name="CLKOUT" type="output"/>
        <pin num="6" name="VCC" type="power_in"/>
        <pin num="7" name="GND" type="power_in"/>
        <pin num="8" name="RDY0/SLRD" type="input"/>
        <pin num="9" name="RDY1/SLWR" type="input"/>
        <pin num="10" name="AVCC" type="power_in"/>
        <pin num="11" name="XTALOUT" type="output"/>
        <pin num="12" name="XTALIN" type="input"/>
        <pin num="13" name="AGND" type="power_in"/>
        <pin num="14" name="AVCC" type="passive"/>
        <pin num="15" name="D+" type="bidirectional"/>
        <pin num="16" name="D-" type="bidirectional"/>
        <pin num="17" name="AGND" type="passive"/>
        <pin num="18" name="VCC" type="passive"/>
        <pin num="19" name="GND" type="passive"/>
        <pin num="20" name="IFCLK" type="bidirectional"/>
        <pin num="21" name="RESERVED" type="input"/>
        <pin num="22" name="SCL" type="input"/>
        <pin num="23" name="SDA" type="bidirectional"/>
        <pin num="24" name="VCC" type="passive"/>
        <pin num="25" name="PB0/FD0" type="bidirectional"/>
        <pin num="26" name="PB1/FD1" type="bidirectional"/>
        <pin num="27" name="PB2/FD2" type="bidirectional"/>
        <pin num="28" name="PB3/FD3" type="bidirectional"/>
        <pin num="29" name="PB4/FD4" type="bidirectional"/>
        <pin num="30" name="PB5/FD5" type="bidirectional"/>
        <pin num="31" name="PB6/FD6" type="bidirectional"/>
        <pin num="32" name="PB7/FD7" type="bidirectional"/>
        <pin num="33" name="GND" type="passive"/>
        <pin num="34" name="VCC" type="passive"/>
        <pin num="35" name="GND" type="passive"/>
        <pin num="36" name="CTL0/FLAGA" type="output"/>
        <pin num="37" name="CTL1/FLAGB" type="output"/>
        <pin num="38" name="CTL2/FLAGC" type="output"/>
        <pin num="39" name="VCC" type="passive"/>
        <pin num="40" name="PA0/~{INT0}" type="bidirectional"/>
        <pin num="41" name="PA1/~{INT1}" type="bidirectional"/>
        <pin num="42" name="PA2/SLOE" type="bidirectional"/>
        <pin num="43" name="PA3/WU2" type="bidirectional"/>
        <pin num="44" name="PA4/FIOADDR0" type="bidirectional"/>
        <pin num="45" name="PA5/FIOADDR1" type="bidirectional"/>
        <pin num="46" name="PA6/PKTEND" type="bidirectional"/>
        <pin num="47" name="PA7/FLAGD/~{SLCS}" type="bidirectional"/>
        <pin num="48" name="GND" type="passive"/>
        <pin num="49" name="~{RESET}" type="input"/>
        <pin num="50" name="VCC" type="passive"/>
        <pin num="51" name="WAKEUP" type="input"/>
        <pin num="52" name="PD0/FD8" type="bidirectional"/>
        <pin num="53" name="PD1/FD9" type="bidirectional"/>
        <pin num="54" name="PD2/FD10" type="bidirectional"/>
        <pin num="55" name="PD3/FD11" type="bidirectional"/>
        <pin num="56" name="PD4/FD12" type="bidirectional"/>
      </pins>
    </libpart>
    <libpart lib="Mechanical" part="MountingHole">
      <description>Mounting Hole without connection</description>
      <docs>~</docs>
      <footprints>
        <fp>MountingHole*</fp>
      </footprints>
      <fields>
        <field name="Reference">H</field>
        <field name="Value">MountingHole</field>
        <field name="Datasheet">~</field>
      </fields>
    </libpart>
    <libpart lib="Memory_EEPROM" part="24LC256">
      <description>I2C Serial EEPROM, 256Kb, DIP-8/SOIC-8/TSSOP-8/DFN-8</description>
      <docs>http://ww1.microchip.com/downloads/en/devicedoc/21203m.pdf</docs>
      <footprints>
        <fp>DIP*W7.62mm*</fp>
        <fp>SOIC*3.9x4.9mm*</fp>
        <fp>TSSOP*4.4x3mm*P0.65mm*</fp>
        <fp>DFN*3x2mm*P0.5mm*</fp>
      </footprints>
      <fields>
        <field name="Reference">U</field>
        <field name="Value">24LC256</field>
        <field name="Datasheet">http://ww1.microchip.com/downloads/en/devicedoc/21203m.pdf</field>
      </fields>
      <pins>
        <pin num="1" name="A0" type="input"/>
        <pin num="2" name="A1" type="input"/>
        <pin num="3" name="A2" type="input"/>
        <pin num="4" name="GND" type="power_in"/>
        <pin num="5" name="SDA" type="bidirectional"/>
        <pin num="6" name="SCL" type="input"/>
        <pin num="7" name="WP" type="input"/>
        <pin num="8" name="VCC" type="power_in"/>
      </pins>
    </libpart>
    <libpart lib="Oscillator" part="XO32">
      <description>HCMOS Clock Oscillator</description>
      <docs>http://cdn-reichelt.de/documents/datenblatt/B400/XO32.pdf</docs>
      <footprints>
        <fp>Oscillator*SMD*EuroQuartz*XO32*3.2x2.5mm*</fp>
      </footprints>
      <fields>
        <field name="Reference">X</field>
        <field name="Value">XO32</field>
        <field name="Footprint">Oscillator:Oscillator_SMD_EuroQuartz_XO32-4Pin_3.2x2.5mm</field>
        <field name="Datasheet">http://cdn-reichelt.de/documents/datenblatt/B400/XO32.pdf</field>
      </fields>
      <pins>
        <pin num="1" name="EN" type="input"/>
        <pin num="2" name="GND" type="power_in"/>
        <pin num="3" name="OUT" type="output"/>
        <pin num="4" name="V+" type="power_in"/>
      </pins>
    </libpart>
    <libpart lib="Power_Protection" part="USBLC6-2SC6">
      <description>Very low capacitance ESD protection diode, 2 data-line, SOT-23-6</description>
      <docs>https://www.st.com/resource/en/datasheet/usblc6-2.pdf</docs>
      <footprints>
        <fp>SOT?23*</fp>
      </footprints>
      <fields>
        <field name="Reference">U</field>
        <field name="Value">USBLC6-2SC6</field>
        <field name="Footprint">Package_TO_SOT_SMD:SOT-23-6</field>
        <field name="Datasheet">https://www.st.com/resource/en/datasheet/usblc6-2.pdf</field>
      </fields>
      <pins>
        <pin num="1" name="I/O1" type="passive"/>
        <pin num="2" name="GND" type="passive"/>
        <pin num="3" name="I/O2" type="passive"/>
        <pin num="4" name="I/O2" type="passive"/>
        <pin num="5" name="VBUS" type="passive"/>
        <pin num="6" name="I/O1" type="passive"/>
      </pins>
    </libpart>
    <libpart lib="Regulator_Linear" part="AMS1117-3.3">
      <description>1A Low Dropout regulator, positive, 3.3V fixed output, SOT-223</description>
      <docs>http://www.advanced-monolithic.com/pdf/ds1117.pdf</docs>
      <footprints>
        <fp>SOT?223*TabPin2*</fp>
      </footprints>
      <fields>
        <field name="Reference">U</field>
        <field name="Value">AMS1117-3.3</field>
        <field name="Footprint">Package_TO_SOT_SMD:SOT-223-3_TabPin2</field>
        <field name="Datasheet">http://www.advanced-monolithic.com/pdf/ds1117.pdf</field>
      </fields>
      <pins>
        <pin num="1" name="GND" type="power_in"/>
        <pin num="2" name="VO" type="power_out"/>
        <pin num="3" name="VI" type="power_in"/>
      </pins>
    </libpart>
    <libpart lib="Switch" part="SW_Push">
      <description>Push button switch, generic, two pins</description>
      <docs>~</docs>
      <fields>
        <field name="Reference">SW</field>
        <field name="Value">SW_Push</field>
        <field name="Datasheet">~</field>
      </fields>
      <pins>
        <pin num="1" name="1" type="passive"/>
        <pin num="2" name="2" type="passive"/>
      </pins>
    </libpart>
  </libparts>
  <libraries>
    <library logical="74xGxx">
      <uri>C:\Program Files\KiCad 6\6.0\share\kicad\symbols\/74xGxx.kicad_sym</uri>
    </library>
    <library logical="Connector">
      <uri>C:\Program Files\KiCad 6\6.0\share\kicad\symbols\/Connector.kicad_sym</uri>
    </library>
    <library logical="Connector_Generic">
      <uri>C:\Program Files\KiCad 6\6.0\share\kicad\symbols\/Connector_Generic.kicad_sym</uri>
    </library>
    <library logical="Device">
      <uri>C:\Program Files\KiCad 6\6.0\share\kicad\symbols\/Device.kicad_sym</uri>
    </library>
    <library logical="MCU_Cypress">
      <uri>C:\Program Files\KiCad 6\6.0\share\kicad\symbols\/MCU_Cypress.kicad_sym</uri>
    </library>
    <library logical="Mechanical">
      <uri>C:\Program Files\KiCad 6\6.0\share\kicad\symbols\/Mechanical.kicad_sym</uri>
    </library>
    <library logical="Memory_EEPROM">
      <uri>C:\Program Files\KiCad 6\6.0\share\kicad\symbols\/Memory_EEPROM.kicad_sym</uri>
    </library>
    <library logical="Oscillator">
      <uri>C:\Program Files\KiCad 6\6.0\share\kicad\symbols\/Oscillator.kicad_sym</uri>
    </library>
    <library logical="Power_Protection">
      <uri>C:\Program Files\KiCad 6\6.0\share\kicad\symbols\/Power_Protection.kicad_sym</uri>
    </library>
    <library logical="Regulator_Linear">
      <uri>C:\Program Files\KiCad 6\6.0\share\kicad\symbols\/Regulator_Linear.kicad_sym</uri>
    </library>
    <library logical="Switch">
      <uri>C:\Program Files\KiCad 6\6.0\share\kicad\symbols\/Switch.kicad_sym</uri>
    </library>
  </libraries>
  <nets>
    <net code="1" name="+3V3">
      <node ref="C10" pin="1" pintype="passive"/>
      <node ref="C13" pin="1" pintype="passive"/>
      <node ref="C14" pin="1" pintype="passive"/>
      <node ref="C3" pin="2" pintype="passive"/>
      <node ref="C4" pin="1" pintype="passive"/>
      <node ref="C5" pin="2" pintype="passive"/>
      <node ref="C6" pin="2" pintype="passive"/>
      <node ref="J3" pin="15" pinfunction="Pin_15" pintype="passive"/>
      <node ref="J3" pin="16" pinfunction="Pin_16" pintype="passive"/>
      <node ref="R1" pin="1" pintype="passive"/>
      <node ref="R3" pin="1" pintype="passive"/>
      <node ref="R4" pin="1" pintype="passive"/>
      <node ref="R7" pin="1" pintype="passive"/>
      <node ref="R8" pin="1" pintype="passive"/>
      <node ref="R9" pin="1" pintype="passive"/>
      <node ref="U1" pin="2" pinfunction="VO" pintype="power_out"/>
      <node ref="U2" pin="5" pinfunction="VCC" pintype="power_in"/>
      <node ref="U4" pin="10" pinfunction="AVCC" pintype="power_in"/>
      <node ref="U4" pin="14" pinfunction="AVCC" pintype="passive"/>
      <node ref="U4" pin="18" pinfunction="VCC" pintype="passive"/>
      <node ref="U4" pin="24" pinfunction="VCC" pintype="passive"/>
      <node ref="U4" pin="34" pinfunction="VCC" pintype="passive"/>
      <node ref="U4" pin="39" pinfunction="VCC" pintype="passive"/>
      <node ref="U4" pin="50" pinfunction="VCC" pintype="passive"/>
      <node ref="U4" pin="6" pinfunction="VCC" pintype="power_in"/>
      <node ref="U5" pin="5" pinfunction="VCC" pintype="power_in"/>
      <node ref="U6" pin="1" pinfunction="A0" pintype="input"/>
      <node ref="U6" pin="8" pinfunction="VCC" pintype="power_in"/>
      <node ref="X1" pin="1" pinfunction="EN" pintype="input"/>
      <node ref="X1" pin="4" pinfunction="V+" pintype="power_in"/>
      <node ref="X2" pin="1" pinfunction="EN" pintype="input"/>
      <node ref="X2" pin="4" pinfunction="V+" pintype="power_in"/>
    </net>
    <net code="2" name="/AUD_CKSEL">
      <node ref="J2" pin="12" pinfunction="Pin_12" pintype="passive"/>
      <node ref="R6" pin="2" pintype="passive"/>
      <node ref="U2" pin="6" pintype="input"/>
    </net>
    <net code="3" name="/AUD_CLK">
      <node ref="J2" pin="9" pinfunction="Pin_9" pintype="passive"/>
      <node ref="R5" pin="2" pintype="passive"/>
    </net>
    <net code="4" name="/BOOT">
      <node ref="C15" pin="2" pintype="passive"/>
      <node ref="R9" pin="2" pintype="passive"/>
      <node ref="SW2" pin="2" pinfunction="2" pintype="passive"/>
      <node ref="U5" pin="6" pintype="input"/>
    </net>
    <net code="5" name="/CONN_D+">
      <node ref="J1" pin="A6" pinfunction="D+" pintype="bidirectional"/>
      <node ref="J1" pin="B6" pinfunction="D+" pintype="bidirectional"/>
      <node ref="U3" pin="1" pinfunction="I/O1" pintype="passive"/>
    </net>
    <net code="6" name="/CONN_D-">
      <node ref="J1" pin="A7" pinfunction="D-" pintype="bidirectional"/>
      <node ref="J1" pin="B7" pinfunction="D-" pintype="bidirectional"/>
      <node ref="U3" pin="3" pinfunction="I/O2" pintype="passive"/>
    </net>
    <net code="7" name="/CY_D+">
      <node ref="U3" pin="6" pinfunction="I/O1" pintype="passive"/>
      <node ref="U4" pin="15" pinfunction="D+" pintype="bidirectional"/>
    </net>
    <net code="8" name="/CY_D-">
      <node ref="U3" pin="4" pinfunction="I/O2" pintype="passive"/>
      <node ref="U4" pin="16" pinfunction="D-" pintype="bidirectional"/>
    </net>
    <net code="9" name="/EEPROM_SDA">
      <node ref="U5" pin="3" pintype="bidirectional"/>
      <node ref="U6" pin="5" pinfunction="SDA" pintype="bidirectional"/>
    </net>
    <net code="10" name="/EPM_IO1">
      <node ref="J3" pin="33" pinfunction="Pin_33" pintype="passive"/>
      <node ref="J4" pin="11" pinfunction="Pin_11" pintype="passive"/>
    </net>
    <net code="11" name="/EPM_IO2">
      <node ref="J3" pin="36" pinfunction="Pin_36" pintype="passive"/>
      <node ref="J4" pin="10" pinfunction="Pin_10" pintype="passive"/>
    </net>
    <net code="12" name="/EPM_IO3">
      <node ref="J3" pin="35" pinfunction="Pin_35" pintype="passive"/>
      <node ref="J4" pin="9" pinfunction="Pin_9" pintype="passive"/>
    </net>
    <net code="13" name="/EPM_IO4">
      <node ref="J3" pin="38" pinfunction="Pin_38" pintype="passive"/>
      <node ref="J4" pin="8" pinfunction="Pin_8" pintype="passive"/>
    </net>
    <net code="14" name="/EPM_IO5">
      <node ref="J3" pin="37" pinfunction="Pin_37" pintype="passive"/>
      <node ref="J4" pin="7" pinfunction="Pin_7" pintype="passive"/>
    </net>
    <net code="15" name="/EPM_IO6">
      <node ref="J3" pin="40" pinfunction="Pin_40" pintype="passive"/>
      <node ref="J4" pin="6" pinfunction="Pin_6" pintype="passive"/>
    </net>
    <net code="16" name="/EPM_IO7">
      <node ref="J3" pin="39" pinfunction="Pin_39" pintype="passive"/>
      <node ref="J4" pin="5" pinfunction="Pin_5" pintype="passive"/>
    </net>
    <net code="17" name="/EPM_IO8">
      <node ref="J3" pin="42" pinfunction="Pin_42" pintype="passive"/>
      <node ref="J4" pin="4" pinfunction="Pin_4" pintype="passive"/>
    </net>
    <net code="18" name="/EPM_IO11">
      <node ref="J3" pin="41" pinfunction="Pin_41" pintype="passive"/>
      <node ref="J4" pin="3" pinfunction="Pin_3" pintype="passive"/>
    </net>
    <net code="19" name="/EPM_IO12">
      <node ref="J2" pin="4" pinfunction="Pin_4" pintype="passive"/>
      <node ref="J3" pin="6" pinfunction="Pin_6" pintype="passive"/>
    </net>
    <net code="20" name="/EPM_IO13">
      <node ref="J2" pin="5" pinfunction="Pin_5" pintype="passive"/>
      <node ref="J3" pin="1" pinfunction="Pin_1" pintype="passive"/>
    </net>
    <net code="21" name="/EPM_IO14">
      <node ref="J2" pin="6" pinfunction="Pin_6" pintype="passive"/>
      <node ref="J3" pin="2" pinfunction="Pin_2" pintype="passive"/>
    </net>
    <net code="22" name="/EPM_IO15">
      <node ref="J2" pin="7" pinfunction="Pin_7" pintype="passive"/>
      <node ref="J3" pin="3" pinfunction="Pin_3" pintype="passive"/>
    </net>
    <net code="23" name="/EPM_IO16">
      <node ref="J2" pin="8" pinfunction="Pin_8" pintype="passive"/>
      <node ref="J3" pin="4" pinfunction="Pin_4" pintype="passive"/>
    </net>
    <net code="24" name="/EPM_IO21">
      <node ref="J2" pin="10" pinfunction="Pin_10" pintype="passive"/>
      <node ref="J3" pin="8" pinfunction="Pin_8" pintype="passive"/>
    </net>
    <net code="25" name="/EPM_IO22">
      <node ref="J2" pin="11" pinfunction="Pin_11" pintype="passive"/>
      <node ref="J3" pin="7" pinfunction="Pin_7" pintype="passive"/>
    </net>
    <net code="26" name="/EPM_IO24">
      <node ref="J2" pin="13" pinfunction="Pin_13" pintype="passive"/>
      <node ref="J3" pin="9" pinfunction="Pin_9" pintype="passive"/>
    </net>
    <net code="27" name="/EPM_IO27">
      <node ref="J2" pin="14" pinfunction="Pin_14" pintype="passive"/>
      <node ref="J3" pin="10" pinfunction="Pin_10" pintype="passive"/>
    </net>
    <net code="28" name="/EPM_IO28">
      <node ref="J2" pin="15" pinfunction="Pin_15" pintype="passive"/>
      <node ref="J3" pin="11" pinfunction="Pin_11" pintype="passive"/>
    </net>
    <net code="29" name="/EPM_IO29">
      <node ref="J2" pin="16" pinfunction="Pin_16" pintype="passive"/>
      <node ref="J3" pin="12" pinfunction="Pin_12" pintype="passive"/>
    </net>
    <net code="30" name="/EPM_IO30">
      <node ref="J2" pin="17" pinfunction="Pin_17" pintype="passive"/>
    </net>
    <net code="31" name="/EPM_IO39">
      <node ref="J2" pin="22" pinfunction="Pin_22" pintype="passive"/>
      <node ref="U4" pin="36" pinfunction="CTL0/FLAGA" pintype="output"/>
    </net>
    <net code="32" name="/EPM_IO40">
      <node ref="J2" pin="23" pinfunction="Pin_23" pintype="passive"/>
      <node ref="U4" pin="37" pinfunction="CTL1/FLAGB" pintype="output"/>
    </net>
    <net code="33" name="/EPM_IO41">
      <node ref="J2" pin="24" pinfunction="Pin_24" pintype="passive"/>
      <node ref="U4" pin="38" pinfunction="CTL2/FLAGC" pintype="output"/>
    </net>
    <net code="34" name="/EPM_IO42">
      <node ref="J2" pin="25" pinfunction="Pin_25" pintype="passive"/>
      <node ref="U4" pin="42" pinfunction="PA2/SLOE" pintype="bidirectional"/>
    </net>
    <net code="35" name="/EPM_IO43">
      <node ref="J2" pin="26" pinfunction="Pin_26" pintype="passive"/>
      <node ref="U4" pin="44" pinfunction="PA4/FIOADDR0" pintype="bidirectional"/>
    </net>
    <net code="36" name="/EPM_IO44">
      <node ref="J2" pin="27" pinfunction="Pin_27" pintype="passive"/>
      <node ref="U4" pin="45" pinfunction="PA5/FIOADDR1" pintype="bidirectional"/>
    </net>
    <net code="37" name="/EPM_IO45">
      <node ref="J2" pin="28" pinfunction="Pin_28" pintype="passive"/>
      <node ref="U4" pin="46" pinfunction="PA6/PKTEND" pintype="bidirectional"/>
    </net>
    <net code="38" name="/EPM_IO48">
      <node ref="J2" pin="29" pinfunction="Pin_29" pintype="passive"/>
      <node ref="U4" pin="47" pinfunction="PA7/FLAGD/~{SLCS}" pintype="bidirectional"/>
    </net>
    <net code="39" name="/EPM_IO59">
      <node ref="J2" pin="38" pinfunction="Pin_38" pintype="passive"/>
      <node ref="U4" pin="8" pinfunction="RDY0/SLRD" pintype="input"/>
    </net>
    <net code="40" name="/EPM_IO60">
      <node ref="J2" pin="39" pinfunction="Pin_39" pintype="passive"/>
      <node ref="U4" pin="9" pinfunction="RDY1/SLWR" pintype="input"/>
    </net>
    <net code="41" name="/EPM_IO127">
      <node ref="J4" pin="26" pinfunction="Pin_26" pintype="passive"/>
      <node ref="U4" pin="41" pinfunction="PA1/~{INT1}" pintype="bidirectional"/>
    </net>
    <net code="42" name="/EPM_IO129">
      <node ref="J4" pin="25" pinfunction="Pin_25" pintype="passive"/>
      <node ref="U4" pin="43" pinfunction="PA3/WU2" pintype="bidirectional"/>
    </net>
    <net code="43" name="/EPM_IO130">
      <node ref="J4" pin="24" pinfunction="Pin_24" pintype="passive"/>
    </net>
    <net code="44" name="/EPM_IO131">
      <node ref="J4" pin="23" pinfunction="Pin_23" pintype="passive"/>
      <node ref="U4" pin="40" pinfunction="PA0/~{INT0}" pintype="bidirectional"/>
    </net>
    <net code="45" name="/EPM_IO132">
      <node ref="J3" pin="24" pinfunction="Pin_24" pintype="passive"/>
      <node ref="J4" pin="22" pinfunction="Pin_22" pintype="passive"/>
    </net>
    <net code="46" name="/EPM_IO133">
      <node ref="J3" pin="23" pinfunction="Pin_23" pintype="passive"/>
      <node ref="J4" pin="21" pinfunction="Pin_21" pintype="passive"/>
    </net>
    <net code="47" name="/EPM_IO134">
      <node ref="J3" pin="26" pinfunction="Pin_26" pintype="passive"/>
      <node ref="J4" pin="20" pinfunction="Pin_20" pintype="passive"/>
    </net>
    <net code="48" name="/EPM_IO137">
      <node ref="J3" pin="25" pinfunction="Pin_25" pintype="passive"/>
      <node ref="J4" pin="19" pinfunction="Pin_19" pintype="passive"/>
    </net>
    <net code="49" name="/EPM_IO138">
      <node ref="J3" pin="28" pinfunction="Pin_28" pintype="passive"/>
      <node ref="J4" pin="18" pinfunction="Pin_18" pintype="passive"/>
    </net>
    <net code="50" name="/EPM_IO139">
      <node ref="J3" pin="27" pinfunction="Pin_27" pintype="passive"/>
      <node ref="J4" pin="17" pinfunction="Pin_17" pintype="passive"/>
    </net>
    <net code="51" name="/EPM_IO140">
      <node ref="J3" pin="30" pinfunction="Pin_30" pintype="passive"/>
      <node ref="J4" pin="16" pinfunction="Pin_16" pintype="passive"/>
    </net>
    <net code="52" name="/EPM_IO141">
      <node ref="J3" pin="29" pinfunction="Pin_29" pintype="passive"/>
      <node ref="J4" pin="15" pinfunction="Pin_15" pintype="passive"/>
    </net>
    <net code="53" name="/EPM_IO142">
      <node ref="J3" pin="32" pinfunction="Pin_32" pintype="passive"/>
      <node ref="J4" pin="14" pinfunction="Pin_14" pintype="passive"/>
    </net>
    <net code="54" name="/EPM_IO143">
      <node ref="J3" pin="31" pinfunction="Pin_31" pintype="passive"/>
      <node ref="J4" pin="13" pinfunction="Pin_13" pintype="passive"/>
    </net>
    <net code="55" name="/EPM_IO144">
      <node ref="J3" pin="34" pinfunction="Pin_34" pintype="passive"/>
      <node ref="J4" pin="12" pinfunction="Pin_12" pintype="passive"/>
    </net>
    <net code="56" name="/FD0">
      <node ref="J4" pin="29" pinfunction="Pin_29" pintype="passive"/>
      <node ref="U4" pin="25" pinfunction="PB0/FD0" pintype="bidirectional"/>
    </net>
    <net code="57" name="/FD1">
      <node ref="J4" pin="30" pinfunction="Pin_30" pintype="passive"/>
      <node ref="U4" pin="26" pinfunction="PB1/FD1" pintype="bidirectional"/>
    </net>
    <net code="58" name="/FD2">
      <node ref="J4" pin="27" pinfunction="Pin_27" pintype="passive"/>
      <node ref="U4" pin="27" pinfunction="PB2/FD2" pintype="bidirectional"/>
    </net>
    <net code="59" name="/FD3">
      <node ref="J4" pin="28" pinfunction="Pin_28" pintype="passive"/>
      <node ref="U4" pin="28" pinfunction="PB3/FD3" pintype="bidirectional"/>
    </net>
    <net code="60" name="/FD4">
      <node ref="J2" pin="18" pinfunction="Pin_18" pintype="passive"/>
      <node ref="U4" pin="29" pinfunction="PB4/FD4" pintype="bidirectional"/>
    </net>
    <net code="61" name="/FD5">
      <node ref="J2" pin="19" pinfunction="Pin_19" pintype="passive"/>
      <node ref="U4" pin="30" pinfunction="PB5/FD5" pintype="bidirectional"/>
    </net>
    <net code="62" name="/FD6">
      <node ref="J2" pin="20" pinfunction="Pin_20" pintype="passive"/>
      <node ref="U4" pin="31" pinfunction="PB6/FD6" pintype="bidirectional"/>
    </net>
    <net code="63" name="/FD7">
      <node ref="J2" pin="21" pinfunction="Pin_21" pintype="passive"/>
      <node ref="U4" pin="32" pinfunction="PB7/FD7" pintype="bidirectional"/>
    </net>
    <net code="64" name="/FD8">
      <node ref="J2" pin="30" pinfunction="Pin_30" pintype="passive"/>
      <node ref="U4" pin="52" pinfunction="PD0/FD8" pintype="bidirectional"/>
    </net>
    <net code="65" name="/FD9">
      <node ref="J2" pin="31" pinfunction="Pin_31" pintype="passive"/>
      <node ref="U4" pin="53" pinfunction="PD1/FD9" pintype="bidirectional"/>
    </net>
    <net code="66" name="/FD10">
      <node ref="J2" pin="32" pinfunction="Pin_32" pintype="passive"/>
      <node ref="U4" pin="54" pinfunction="PD2/FD10" pintype="bidirectional"/>
    </net>
    <net code="67" name="/FD11">
      <node ref="J2" pin="33" pinfunction="Pin_33" pintype="passive"/>
      <node ref="U4" pin="55" pinfunction="PD3/FD11" pintype="bidirectional"/>
    </net>
    <net code="68" name="/FD12">
      <node ref="J2" pin="34" pinfunction="Pin_34" pintype="passive"/>
      <node ref="U4" pin="56" pinfunction="PD4/FD12" pintype="bidirectional"/>
    </net>
    <net code="69" name="/FD13">
      <node ref="J2" pin="35" pinfunction="Pin_35" pintype="passive"/>
      <node ref="U4" pin="1" pinfunction="PD5/FD13" pintype="bidirectional"/>
    </net>
    <net code="70" name="/FD14">
      <node ref="J2" pin="36" pinfunction="Pin_36" pintype="passive"/>
      <node ref="U4" pin="2" pinfunction="PD6/FD14" pintype="bidirectional"/>
    </net>
    <net code="71" name="/FD15">
      <node ref="J2" pin="37" pinfunction="Pin_37" pintype="passive"/>
      <node ref="U4" pin="3" pinfunction="PD7/FD15" pintype="bidirectional"/>
    </net>
    <net code="73" name="/IFCLK">
      <node ref="U4" pin="20" pinfunction="IFCLK" pintype="bidirectional"/>
    </net>
    <net code="74" name="/SCL">
      <node ref="J3" pin="21" pinfunction="Pin_21" pintype="passive"/>
      <node ref="R7" pin="2" pintype="passive"/>
      <node ref="U4" pin="22" pinfunction="SCL" pintype="input"/>
      <node ref="U6" pin="6" pinfunction="SCL" pintype="input"/>
    </net>
    <net code="75" name="/SDA">
      <node ref="J3" pin="22" pinfunction="Pin_22" pintype="passive"/>
      <node ref="R8" pin="2" pintype="passive"/>
      <node ref="U4" pin="23" pinfunction="SDA" pintype="bidirectional"/>
      <node ref="U5" pin="4" pintype="bidirectional"/>
    </net>
    <net code="76" name="/~{RESET}">
      <node ref="C11" pin="2" pintype="passive"/>
      <node ref="R4" pin="2" pintype="passive"/>
      <node ref="SW1" pin="2" pinfunction="2" pintype="passive"/>
      <node ref="U4" pin="49" pinfunction="~{RESET}" pintype="input"/>
    </net>
    <net code="77" name="GND">
      <node ref="C1" pin="1" pintype="passive"/>
      <node ref="C10" pin="2" pintype="passive"/>
      <node ref="C11" pin="1" pintype="passive"/>
      <node ref="C12" pin="1" pintype="passive"/>
      <node ref="C13" pin="2" pintype="passive"/>
      <node ref="C14" pin="2" pintype="passive"/>
      <node ref="C15" pin="1" pintype="passive"/>
      <node ref="C2" pin="1" pintype="passive"/>
      <node ref="C3" pin="1" pintype="passive"/>
      <node ref="C4" pin="2" pintype="passive"/>
      <node ref="C5" pin="1" pintype="passive"/>
      <node ref="C6" pin="1" pintype="passive"/>
      <node ref="C7" pin="1" pintype="passive"/>
      <node ref="C8" pin="1" pintype="passive"/>
      <node ref="C9" pin="1" pintype="passive"/>
      <node ref="D1" pin="1" pinfunction="K" pintype="passive"/>
      <node ref="J1" pin="A1" pinfunction="GND" pintype="passive"/>
      <node ref="J1" pin="A12" pinfunction="GND" pintype="passive"/>
      <node ref="J1" pin="B1" pinfunction="GND" pintype="passive"/>
      <node ref="J1" pin="B12" pinfunction="GND" pintype="passive"/>
      <node ref="J2" pin="1" pinfunction="Pin_1" pintype="passive"/>
      <node ref="J2" pin="2" pinfunction="Pin_2" pintype="passive"/>
      <node ref="J3" pin="17" pinfunction="Pin_17" pintype="passive"/>
      <node ref="J3" pin="18" pinfunction="Pin_18" pintype="passive"/>
      <node ref="J3" pin="19" pinfunction="Pin_19" pintype="passive"/>
      <node ref="J3" pin="20" pinfunction="Pin_20" pintype="passive"/>
      <node ref="J3" pin="43" pinfunction="Pin_43" pintype="passive"/>
      <node ref="J3" pin="44" pinfunction="Pin_44" pintype="passive"/>
      <node ref="J3" pin="5" pinfunction="Pin_5" pintype="passive"/>
      <node ref="J4" pin="1" pinfunction="Pin_1" pintype="passive"/>
      <node ref="J4" pin="2" pinfunction="Pin_2" pintype="passive"/>
      <node ref="R2" pin="2" pintype="passive"/>
      <node ref="R6" pin="1" pintype="passive"/>
      <node ref="SW1" pin="1" pinfunction="1" pintype="passive"/>
      <node ref="SW2" pin="1" pinfunction="1" pintype="passive"/>
      <node ref="U1" pin="1" pinfunction="GND" pintype="power_in"/>
      <node ref="U2" pin="2" pinfunction="GND" pintype="power_in"/>
      <node ref="U3" pin="2" pinfunction="GND" pintype="passive"/>
      <node ref="U4" pin="13" pinfunction="AGND" pintype="power_in"/>
      <node ref="U4" pin="17" pinfunction="AGND" pintype="passive"/>
      <node ref="U4" pin="19" pinfunction="GND" pintype="passive"/>
      <node ref="U4" pin="21" pinfunction="RESERVED" pintype="input"/>
      <node ref="U4" pin="33" pinfunction="GND" pintype="passive"/>
      <node ref="U4" pin="35" pinfunction="GND" pintype="passive"/>
      <node ref="U4" pin="4" pinfunction="GND" pintype="passive"/>
      <node ref="U4" pin="48" pinfunction="GND" pintype="passive"/>
      <node ref="U4" pin="7" pinfunction="GND" pintype="power_in"/>
      <node ref="U5" pin="2" pinfunction="GND" pintype="power_in"/>
      <node ref="U6" pin="2" pinfunction="A1" pintype="input"/>
      <node ref="U6" pin="3" pinfunction="A2" pintype="input"/>
      <node ref="U6" pin="4" pinfunction="GND" pintype="power_in"/>
      <node ref="U6" pin="7" pinfunction="WP" pintype="input"/>
      <node ref="X1" pin="2" pinfunction="GND" pintype="power_in"/>
      <node ref="X2" pin="2" pinfunction="GND" pintype="power_in"/>
    </net>
    <net code="78" name="Net-(C7-Pad2)">
      <node ref="C7" pin="2" pintype="passive"/>
      <node ref="J1" pin="S1" pinfunction="SHIELD" pintype="passive"/>
      <node ref="R2" pin="1" pintype="passive"/>
    </net>
    <net code="79" name="Net-(C8-Pad2)">
      <node ref="C8" pin="2" pintype="passive"/>
      <node ref="U4" pin="11" pinfunction="XTALOUT" pintype="output"/>
      <node ref="Y1" pin="2" pinfunction="2" pintype="passive"/>
    </net>
    <net code="80" name="Net-(C9-Pad2)">
      <node ref="C9" pin="2" pintype="passive"/>
      <node ref="U4" pin="12" pinfunction="XTALIN" pintype="input"/>
      <node ref="Y1" pin="1" pinfunction="1" pintype="passive"/>
    </net>
    <net code="81" name="Net-(D1-Pad2)">
      <node ref="D1" pin="2" pinfunction="A" pintype="passive"/>
      <node ref="R1" pin="2" pintype="passive"/>
    </net>
    <net code="82" name="Net-(F1-Pad1)">
      <node ref="F1" pin="1" pintype="passive"/>
      <node ref="J1" pin="A4" pinfunction="VBUS" pintype="passive"/>
      <node ref="J1" pin="A9" pinfunction="VBUS" pintype="passive"/>
      <node ref="J1" pin="B4" pinfunction="VBUS" pintype="passive"/>
      <node ref="J1" pin="B9" pinfunction="VBUS" pintype="passive"/>
    </net>
    <net code="83" name="Net-(R3-Pad2)">
      <node ref="R3" pin="2" pintype="passive"/>
      <node ref="U4" pin="51" pinfunction="WAKEUP" pintype="input"/>
    </net>
    <net code="84" name="Net-(R5-Pad1)">
      <node ref="R5" pin="1" pintype="passive"/>
      <node ref="U2" pin="4" pintype="bidirectional"/>
    </net>
    <net code="85" name="Net-(U2-Pad1)">
      <node ref="U2" pin="1" pintype="bidirectional"/>
      <node ref="X1" pin="3" pinfunction="OUT" pintype="output"/>
    </net>
    <net code="86" name="Net-(U2-Pad3)">
      <node ref="U2" pin="3" pintype="bidirectional"/>
      <node ref="X2" pin="3" pinfunction="OUT" pintype="output"/>
    </net>
    <net code="87" name="VBUS">
      <node ref="C1" pin="2" pintype="passive"/>
      <node ref="C12" pin="2" pintype="passive"/>
      <node ref="C2" pin="2" pintype="passive"/>
      <node ref="F1" pin="2" pintype="passive"/>
      <node ref="J2" pin="43" pinfunction="Pin_43" pintype="passive"/>
      <node ref="J2" pin="44" pinfunction="Pin_44" pintype="passive"/>
      <node ref="J3" pin="13" pinfunction="Pin_13" pintype="passive"/>
      <node ref="J3" pin="14" pinfunction="Pin_14" pintype="passive"/>
      <node ref="U1" pin="3" pinfunction="VI" pintype="power_in"/>
      <node ref="U3" pin="5" pinfunction="VBUS" pintype="passive"/>
    </net>
    <net code="88" name="unconnected-(J1-PadA5)">
      <node ref="J1" pin="A5" pinfunction="CC1" pintype="bidirectional+no_connect"/>
    </net>
    <net code="89" name="unconnected-(J1-PadA8)">
      <node ref="J1" pin="A8" pinfunction="SBU1" pintype="bidirectional+no_connect"/>
    </net>
    <net code="90" name="unconnected-(J1-PadB5)">
      <node ref="J1" pin="B5" pinfunction="CC2" pintype="bidirectional+no_connect"/>
    </net>
    <net code="91" name="unconnected-(J1-PadB8)">
      <node ref="J1" pin="B8" pinfunction="SBU2" pintype="bidirectional+no_connect"/>
    </net>
    <net code="92" name="unconnected-(J2-Pad3)">
      <node ref="J2" pin="3" pinfunction="Pin_3" pintype="passive+no_connect"/>
    </net>
    <net code="93" name="unconnected-(J2-Pad40)">
      <node ref="J2" pin="40" pinfunction="Pin_40" pintype="passive+no_connect"/>
    </net>
    <net code="94" name="unconnected-(J2-Pad41)">
      <node ref="J2" pin="41" pinfunction="Pin_41" pintype="passive+no_connect"/>
    </net>
    <net code="95" name="unconnected-(J2-Pad42)">
      <node ref="J2" pin="42" pinfunction="Pin_42" pintype="passive+no_connect"/>
    </net>
    <net code="96" name="unconnected-(J4-Pad31)">
      <node ref="J4" pin="31" pinfunction="Pin_31" pintype="passive+no_connect"/>
    </net>
    <net code="97" name="unconnected-(J4-Pad32)">
      <node ref="J4" pin="32" pinfunction="Pin_32" pintype="passive+no_connect"/>
    </net>
    <net code="98" name="unconnected-(J4-Pad33)">
      <node ref="J4" pin="33" pinfunction="Pin_33" pintype="passive+no_connect"/>
    </net>
    <net code="99" name="unconnected-(J4-Pad34)">
      <node ref="J4" pin="34" pinfunction="Pin_34" pintype="passive+no_connect"/>
    </net>
    <net code="100" name="unconnected-(J4-Pad35)">
      <node ref="J4" pin="35" pinfunction="Pin_35" pintype="passive+no_connect"/>
    </net>
    <net code="101" name="unconnected-(J4-Pad36)">
      <node ref="J4" pin="36" pinfunction="Pin_36" pintype="passive+no_connect"/>
    </net>
    <net code="102" name="unconnected-(J4-Pad37)">
      <node ref="J4" pin="37" pinfunction="Pin_37" pintype="passive+no_connect"/>
    </net>
    <net code="103" name="unconnected-(J4-Pad38)">
      <node ref="J4" pin="38" pinfunction="Pin_38" pintype="passive+no_connect"/>
    </net>
    <net code="104" name="unconnected-(J4-Pad39)">
      <node ref="J4" pin="39" pinfunction="Pin_39" pintype="passive+no_connect"/>
    </net>
    <net code="105" name="unconnected-(J4-Pad40)">
      <node ref="J4" pin="40" pinfunction="Pin_40" pintype="passive+no_connect"/>
    </net>
    <net code="106" name="unconnected-(J4-Pad41)">
      <node ref="J4" pin="41" pinfunction="Pin_41" pintype="passive+no_connect"/>
    </net>
    <net code="107" name="unconnected-(J4-Pad42)">
      <node ref="J4" pin="42" pinfunction="Pin_42" pintype="passive+no_connect"/>
    </net>
    <net code="108" name="unconnected-(J4-Pad43)">
      <node ref="J4" pin="43" pinfunction="Pin_43" pintype="passive+no_connect"/>
    </net>
    <net code="109" name="unconnected-(J4-Pad44)">
      <node ref="J4" pin="44" pinfunction="Pin_44" pintype="passive+no_connect"/>
    </net>
    <net code="110" name="unconnected-(U4-Pad5)">
      <node ref="U4" pin="5" pinfunction="CLKOUT" pintype="output+no_connect"/>
    </net>
    <net code="111" name="unconnected-(U5-Pad1)">
      <node ref="U5" pin="1" pintype="bidirectional+no_connect"/>
    </net>
  </nets>
</export>
